{
	"stats": "<:stats:739901778908151839>",
	"ram": "<:ram:739901878065692702>",
	"windows" : "<:window:778920660390641664>",
	"Cpu" : "<:CPU:823093732009836564>",
	"linux" : "<:linux:778921987316908052>",
	"version": "<:version:739901948068626573>",
	"online": "<a:online:766549620997357568>",
	"link": "<:link:739902020517101629>",
	"voice": "<:voice:739902150511165502>",
	"add": "<:add:739927198919819315>",
	"vote": "<:vote:739927397234638870>",
	"help": "<:help:739927534086651954>",
	"warn": "<:warn:739927820570198116>",
	"error": "<:error:855724949453144064>",
	"success": "<:success:855724703372279818>",
	"unactivated": "<:unactivated:840381892574052414>",
	"activated": "<:activated:840381892871192577>",
	"check" : "<:check:822695821710852096>",
	"loading": "<a:loading:739901659576139937>",
	"crown": "<:crown:739928133142184096>",
	"discriminator": "<:discriminator:739928307402801263>",
	"bot": "<:bot:739928404458995824>",
	"avatar": "<:avatar:739928539163394098>",
	"calendar": "<:calendar:739928657362944132>",
	"calendar2": "<:calendar2:739928987316518955>",
	"up": "<:up:739929176487755806>",
	"pencil": "<:pencil:739929282226421912>",
	"roles": "<:roles:739929406394597488>",
	"color": "<:color:739929609339928577>",
	"minecraft": "<:minecraft:739929709038665749>",
	"users": "<:users:739929810880430232>",
	"title": "<:title:739929982662344705>",
	"singer": "<:singer:739930154029285396>",
	"time": "<:time:742221646311587940>",
	"search": "<:search:742221733699911690>",
	"desc": "<:desc:742221820052373585>",
	"playlist": "<:playlist:742221902759854190>",
	"channels": "<:channels:742221981734273044>",
	"afk": "<:afk:742222290636242954>",
	"id": "<:id:742222348085755905>",
	"ip": "<:ip:742222488183898154>",
	"folder": "<:folder:742222570253975552>",
	"desc2": "<:des2:742222650587349052>",
	"patreon": "<:patreon:742222778333397144>",
	"server": "<:server:742222850639003759>",
	"boost": "<:boost:742222954552623165>",
	"gif" : "<:gif:827494520299323442>",
	"discord" : "<:discord:827494520480071730>",
	"cooldown" : "<:cooldown:827494520438128671>",
	"cpu": "<:cpu:739373289553788978>",
	"YouTube" : "<:youtube:836858520493096990>",
	"Hypixel" : "<:hypixel:790845802284843008>",
	"Twitter" : "<:twitter:836858520603328522>",
	"ping": "<:ping:849235696811638835>",
	"Instagram" : "<:ig:836858520413536307>",
	"twitch": "<:twitch:868734980610744330>",
	"Verify": "<a:verify:797102642663915550>",
	"status": {
		"dnd": "<:dnd:613942207967264799>",
		"idle": "<:idle:613942208135036938>",
		"online": "<:B_Online:813266730305978398>",
		"offline": "<:offline:613942208176848896>"
	},
	"letters": {
		"a": ":a:",
		"w": ":w:",
		"r": ":r:",
		"d": ":d:"
	},
	"categories": {
		"Administration": "",
		"economy": "",
		"fun娛樂": "",
		"general": "",
		"images圖片": "",
		"game" :"",
		"Moderation": "",
		"music": "",
		"owner": "",
		"custom": "",
		"hypixel": "",
		"Premium": "",
		"Osu" : ""
	},
	"badge" : {
		"DISCORD_STAFF" : "<:B_DiscordStaff:813266730340057138>",
		"DISCORD_PARTNER": "<:B_DiscordPartner:813266730234806312>",
		"DISCORD_BUGHUNTER": "<:B_BugHunter:813266730125361173>",
		"HYPESQUAD_EVENTS": "<:B_HypesquadEvents:813266729886154803>",
		"HOUSE_BRAVERY": "<:B_Bravery:813266730251190272>",
		"HOUSE_BRILLIANCE": "<:B_Brilliance:813266730012639253>",
		"HOUSE_BALANCE": "<:B_Balance:813266730331406356>",
		"EARLY_SUPPORTER": "<:B_Supporter:813266729773957121>",
		"VERIFIED_BOT" : "<:B_BotTag:813266730214359100>",
		"VERIFIED_DEVELOPER": "<:B_DiscordDev:813266730058514433>"


	},
	"music" :{
		"mute": "🔇",
		"volumemiddle": "🔉",
		"volumelow": "🔈",
		"volumehigh": "🔊",
		"stop": "⏹️",
		"skip": "⏭️",
		"shuffle": "🔀",
		"rewind": "⏪",
		"resume": "▶️",
		"remove": "⏏️",
		"queue": "🎶",
		"playlist": "🎶",
		"play": "▶️",
		"pause": "⏸️",
		"loop": "🔁",
		"forward": "⏩",
		"filter": "🎛️",
		"autoplay": "🎵",
		"addsong": "🎵",
		"music": "🎵",
		"warn": "⚠️",
		"join": "📥",
		"leave": "📤",
		"about": "🔎",
		"jump": "⏭️"
	}
}
